claim,label,context
"Albert Einstein was born on March 14, 1879, in Ulm, Germany.",0,"Tell me about Einstein."
"Albert Einstein won the Nobel Prize in Physics in 1925.",1,"Tell me about Einstein."
"The speed of light in a vacuum is approximately 299,792 kilometers per second.",0,"What is the speed of light?"
"Marie Curie was the first woman to win a Nobel Prize.",0,"Who was Marie Curie?"
"Marie Curie conducted her research at Oxford University.",1,"Who was Marie Curie?"
"The Great Wall of China is visible from space with the naked eye.",1,"Can you see the Great Wall from space?"
"Lightning can strike the same place multiple times.",0,"Does lightning strike twice?"
"Humans only use about 10 percent of their brains.",1,"How much of our brain do we use?"
"Napoleon Bonaparte was average height for his era.",0,"How tall was Napoleon?"
"Shakespeare was born in Stratford-upon-Avon in 1564.",0,"Where was Shakespeare born?"
"The Battle of Hastings took place in 1066.",0,"When was the Battle of Hastings?"
"Christopher Columbus discovered America in 1392.",1,"When did Columbus reach America?"
"Water boils at 100 degrees Celsius at sea level.",0,"At what temperature does water boil?"
"The human body has 206 bones in adulthood.",0,"How many bones does the human body have?"
"DNA stands for Deoxyribonucleic Acid.",0,"What does DNA stand for?"
"The first Moon landing occurred in 1969.",0,"When did humans first land on the Moon?"
"The first Moon landing occurred in 1975.",1,"When did humans first land on the Moon?"
"Python was created by Guido van Rossum.",0,"Who created Python?"
"Python was invented by James Gosling.",1,"Who created Python?"
"The capital of Australia is Sydney.",1,"What is the capital of Australia?"
"The capital of Australia is Canberra.",0,"What is the capital of Australia?"
